{
  "doh100_hand_boxes": [
    [
      [
        1103.675537109375,
        669.4960327148438,
        1276.70947265625,
        717.3675537109375
      ],
      [
        5.572624206542969,
        4.664618968963623,
        834.4094848632812,
        521.3516235351562
      ]
    ],
    [
      [
        679.0740966796875,
        15.287626266479492,
        1273.97314453125,
        714.711181640625
      ]
    ],
    [
      [
        493.83837890625,
        302.9690246582031,
        589.9094848632812,
        389.1866760253906
      ],
      [
        701.196533203125,
        364.1911926269531,
        770.7152709960938,
        443.0290832519531
      ]
    ]
  ],
  "doh100_hand_scores": [
    [
      0.9220771789550781,
      0.9992765784263611
    ],
    [
      0.9992789626121521
    ],
    [
      0.9998993873596191,
      0.9998456239700317
    ]
  ],
  "pred_obj_boxes": [
    [
      [
        505.0160217285156,
        96.438720703125,
        1059.7333984375,
        715.0037231445312
      ],
      [
        505.0160217285156,
        96.438720703125,
        1059.7333984375,
        715.0037231445312
      ]
    ],
    [
      [
        0.0,
        0.0,
        0.0,
        0.0
      ]
    ],
    [
      [
        558.8882446289062,
        301.4461669921875,
        626.6753540039062,
        423.1723327636719
      ],
      [
        672.4483642578125,
        364.149169921875,
        733.196044921875,
        443.1808776855469
      ]
    ]
  ],
  "pred_obj_scores": [
    [
      0.9929158687591553,
      0.9929158687591553
    ],
    [
      0.09198197722434998
    ],
    [
      0.9979046583175659,
      0.9959293007850647
    ]
  ],
  "pred_confidence_scores": [
    [
      0.1762073040008545,
      0.28394752740859985
    ],
    [
      0.025359809398651123
    ],
    [
      0.9152239561080933,
      0.9583085775375366
    ]
  ],
  "gt_hand_boxes": [
    [
      [
        8.470611572265625,
        1.4117646217346191,
        837.9729614257812,
        529.0540161132812
      ]
    ],
    [
      [
        671.5618896484375,
        27.647974014282227,
        1277.9521484375,
        704.2559814453125
      ]
    ],
    [
      [
        707.2353515625,
        367.1641540527344,
        766.2161865234375,
        437.83782958984375
      ],
      [
        498.91473388671875,
        304.0540466308594,
        588.65673828125,
        387.97296142578125
      ]
    ]
  ],
  "gt_obj_boxes": [
    [
      [
        489.0,
        93.0,
        1044.0,
        716.0
      ]
    ],
    [
      [
        0.0,
        0.0,
        0.0,
        0.0
      ]
    ],
    [
      [
        671.0000610351562,
        361.9999694824219,
        730.0,
        442.99993896484375
      ],
      [
        578.0,
        375.0000305175781,
        618.0,
        421.9999694824219
      ]
    ]
  ],
  "iou_thres": [
    0.75,
    0.5,
    0.25
  ]
}