{"h_cost": -0.1408066600561142, "o_cost": -0.10612569749355316, "act_cost": -0.9532740116119385, "so_cost": -0.1748473048210144, "_timestamp": 1732624927.1443264, "_runtime": 9.251732349395752, "_step": 0}