{"h_cost": -3.806701183319092, "o_cost": -1.6163326501846313, "act_cost": -0.2843742370605469, "so_cost": -3.3384790420532227, "_timestamp": 1732531270.8490705, "_runtime": 16.211118459701538, "_step": 85, "loss_act": 6.099492073059082, "loss_act_0": 5.803523063659668, "loss_act_1": 5.737185001373291, "loss_act_2": 5.959508419036865, "loss_act_3": 6.233562469482422, "loss_act_4": 5.843042373657227, "loss_hidx": 1.930355191230774, "loss_hidx_0": 2.016080141067505, "loss_hidx_1": 1.9397008419036865, "loss_hidx_2": 1.8915491104125977, "loss_hidx_3": 1.9499623775482178, "loss_hidx_4": 2.008899688720703, "loss_oidx": 2.951218843460083, "loss_oidx_0": 3.103895664215088, "loss_oidx_1": 2.900575637817383, "loss_oidx_2": 2.911591053009033, "loss_oidx_3": 2.9921107292175293, "loss_oidx_4": 2.850473403930664, "loss_soidx": 2.1970176696777344, "loss_soidx_0": 2.2053747177124023, "loss_soidx_1": 2.1632697582244873, "loss_soidx_2": 2.251038074493408, "loss_soidx_3": 2.124718189239502, "loss_soidx_4": 2.1848790645599365}