{"h_cost": -3.5243988037109375, "o_cost": -3.3750271797180176, "act_cost": -0.5537796020507812, "so_cost": -3.2653274536132812, "_timestamp": 1732625297.3334415, "_runtime": 34.482834577560425, "_step": 594, "loss_act": 4.891290187835693, "loss_act_0": 4.896316051483154, "loss_act_1": 5.274191856384277, "loss_act_2": 4.759237766265869, "loss_act_3": 5.003370761871338, "loss_act_4": 5.01800537109375, "loss_hidx": 1.3780491352081299, "loss_hidx_0": 1.288354754447937, "loss_hidx_1": 1.2619136571884155, "loss_hidx_2": 1.342622995376587, "loss_hidx_3": 1.3016718626022339, "loss_hidx_4": 1.3046343326568604, "loss_oidx": 2.134946584701538, "loss_oidx_0": 2.1990697383880615, "loss_oidx_1": 2.114203453063965, "loss_oidx_2": 2.1135058403015137, "loss_oidx_3": 2.124854326248169, "loss_oidx_4": 2.251612663269043, "loss_soidx": 1.3286054134368896, "loss_soidx_0": 1.358139991760254, "loss_soidx_1": 1.4042837619781494, "loss_soidx_2": 1.3068492412567139, "loss_soidx_3": 1.387229561805725, "loss_soidx_4": 1.3538212776184082}