{"h_cost": -3.2639312744140625, "o_cost": -0.8116968274116516, "act_cost": -0.21692529320716858, "so_cost": -3.0931971073150635, "_timestamp": 1732531183.732255, "_runtime": 19.148371934890747, "_step": 111, "loss_act": 7.089560031890869, "loss_act_0": 7.132791519165039, "loss_act_1": 7.4133710861206055, "loss_act_2": 7.395359992980957, "loss_act_3": 7.427820205688477, "loss_act_4": 7.256025314331055, "loss_hidx": 1.588669776916504, "loss_hidx_0": 1.6641576290130615, "loss_hidx_1": 1.6115772724151611, "loss_hidx_2": 1.5734663009643555, "loss_hidx_3": 1.5897231101989746, "loss_hidx_4": 1.627822995185852, "loss_oidx": 2.9523611068725586, "loss_oidx_0": 3.012089729309082, "loss_oidx_1": 2.89957594871521, "loss_oidx_2": 2.830244541168213, "loss_oidx_3": 2.8965964317321777, "loss_oidx_4": 2.831709384918213, "loss_soidx": 2.1319146156311035, "loss_soidx_0": 2.134888172149658, "loss_soidx_1": 2.100736618041992, "loss_soidx_2": 2.0975348949432373, "loss_soidx_3": 2.09716796875, "loss_soidx_4": 2.112448215484619}