{"h_cost": -0.7266663312911987, "o_cost": -0.34524983167648315, "act_cost": -0.41942450404167175, "so_cost": -0.6854725480079651, "_timestamp": 1732531148.0272048, "_runtime": 7.793644666671753, "_step": 34, "loss_act": 7.53078031539917, "loss_act_0": 7.811628341674805, "loss_act_1": 7.088828086853027, "loss_act_2": 7.1473541259765625, "loss_act_3": 6.877713680267334, "loss_act_4": 7.149801254272461, "loss_hidx": 3.036888360977173, "loss_hidx_0": 2.5434727668762207, "loss_hidx_1": 2.2222843170166016, "loss_hidx_2": 2.953775644302368, "loss_hidx_3": 2.814988851547241, "loss_hidx_4": 2.8550124168395996, "loss_oidx": 4.023898601531982, "loss_oidx_0": 4.033952713012695, "loss_oidx_1": 4.005561351776123, "loss_oidx_2": 4.182244300842285, "loss_oidx_3": 4.222448825836182, "loss_oidx_4": 3.9702115058898926, "loss_soidx": 3.077542304992676, "loss_soidx_0": 2.86240291595459, "loss_soidx_1": 2.791323661804199, "loss_soidx_2": 2.978849411010742, "loss_soidx_3": 2.926928997039795, "loss_soidx_4": 2.9244093894958496}