{"h_cost": -7.236080169677734, "o_cost": -2.4319822788238525, "act_cost": 0.15229284763336182, "so_cost": -6.3223185539245605, "_timestamp": 1732629151.1041787, "_runtime": 14.489845752716064, "_step": 307, "loss_act": 5.8405256271362305, "loss_act_0": 5.217962741851807, "loss_act_1": 5.229667663574219, "loss_act_2": 4.971182823181152, "loss_act_3": 5.288793563842773, "loss_act_4": 5.2918701171875, "loss_hidx": 0.5653836727142334, "loss_hidx_0": 0.5399025678634644, "loss_hidx_1": 0.5712413787841797, "loss_hidx_2": 0.5419334173202515, "loss_hidx_3": 0.5866583585739136, "loss_hidx_4": 0.576352596282959, "loss_oidx": 2.158125877380371, "loss_oidx_0": 1.8794403076171875, "loss_oidx_1": 2.076261520385742, "loss_oidx_2": 1.9714550971984863, "loss_oidx_3": 2.0985352993011475, "loss_oidx_4": 2.1777639389038086, "loss_soidx": 0.8515229821205139, "loss_soidx_0": 0.7015966176986694, "loss_soidx_1": 0.7241084575653076, "loss_soidx_2": 0.7444679737091064, "loss_soidx_3": 0.697608470916748, "loss_soidx_4": 0.7319926619529724}