{"h_cost": -0.3320843577384949, "o_cost": -0.2156742811203003, "act_cost": 0.3139982223510742, "so_cost": -0.2550103962421417, "_timestamp": 1732531306.0214262, "_runtime": 16.035852193832397, "_step": 14, "loss_act": 6.682596206665039, "loss_act_0": 9.862076759338379, "loss_act_1": 8.108807563781738, "loss_act_2": 7.360919952392578, "loss_act_3": 11.243810653686523, "loss_act_4": 7.779535293579102, "loss_hidx": 4.232629776000977, "loss_hidx_0": 3.422945499420166, "loss_hidx_1": 3.015014886856079, "loss_hidx_2": 3.891115665435791, "loss_hidx_3": 3.833742141723633, "loss_hidx_4": 4.301931381225586, "loss_oidx": 4.626486778259277, "loss_oidx_0": 4.855983257293701, "loss_oidx_1": 4.8410820960998535, "loss_oidx_2": 4.899905204772949, "loss_oidx_3": 5.011999130249023, "loss_oidx_4": 4.766012191772461, "loss_soidx": 4.330491542816162, "loss_soidx_0": 4.221160888671875, "loss_soidx_1": 4.26200008392334, "loss_soidx_2": 4.2858076095581055, "loss_soidx_3": 4.258134365081787, "loss_soidx_4": 4.155002117156982}