{"h_cost": -5.384069442749023, "o_cost": -1.560359239578247, "act_cost": -0.5115509033203125, "so_cost": -5.1252827644348145, "_timestamp": 1732531007.7928267, "_runtime": 31.411847591400146, "_step": 167, "loss_act": 7.700170516967773, "loss_act_0": 7.898836135864258, "loss_act_1": 7.682633399963379, "loss_act_2": 7.502275466918945, "loss_act_3": 7.6372246742248535, "loss_act_4": 7.906007766723633, "loss_hidx": 1.0256246328353882, "loss_hidx_0": 1.0244548320770264, "loss_hidx_1": 0.9850645661354065, "loss_hidx_2": 1.0293883085250854, "loss_hidx_3": 1.025584101676941, "loss_hidx_4": 1.0169551372528076, "loss_oidx": 2.2116072177886963, "loss_oidx_0": 2.117342948913574, "loss_oidx_1": 2.191586971282959, "loss_oidx_2": 2.181313991546631, "loss_oidx_3": 2.080493450164795, "loss_oidx_4": 2.132267475128174, "loss_soidx": 1.5565799474716187, "loss_soidx_0": 1.5422966480255127, "loss_soidx_1": 1.5010228157043457, "loss_soidx_2": 1.4434068202972412, "loss_soidx_3": 1.480959177017212, "loss_soidx_4": 1.5076045989990234}